id|nid|role
tt0086927|nm0000158|actor
tt0086927|nm0000478|actress
tt0086927|nm0957460|actor
tt0086927|nm0342732|actor
tt0087089|nm0000152|actor
tt0087089|nm0002138|actor
tt0087089|nm0000178|actress
tt0087089|nm0571188|actress
tt0087277|nm0000102|actor
tt0087277|nm0001742|actress
tt0087277|nm0001475|actor
tt0087277|nm0001848|actress
tt0087374|nm0000126|actor
tt0087374|nm0098597|actress
tt0087374|nm0813015|actor
tt0087374|nm0494784|actor
tt0088161|nm0000158|actor
tt0088161|nm0000435|actress
tt0088161|nm0506405|actor
tt0088161|nm0001006|actor
tt0088707|nm0000126|actor
tt0088707|nm0335344|actor
tt0088707|nm0001044|actress
tt0088707|nm0000575|actress
tt0089126|nm0000126|actor
tt0089126|nm0000555|actor
tt0089126|nm0730168|actor
tt0089126|nm0124107|actor
tt0089420|nm0000152|actor
tt0089420|nm0940919|actor
tt0089420|nm0000481|actress
tt0089420|nm0703615|actor
tt0089543|nm0000158|actor
tt0089543|nm0001742|actress
tt0089543|nm0001056|actor
tt0089543|nm0001164|actor
tt0090022|nm0000177|actor
tt0090022|nm0001277|actor
tt0090022|nm0000126|actor
tt0090022|nm0000418|actor
tt0090274|nm0000158|actor
tt0090274|nm0001006|actor
tt0090274|nm0001854|actress
tt0090274|nm0859772|actor
tt0091019|nm0000158|actor
tt0091019|nm0551290|actress
tt0091019|nm0852028|actor
tt0091019|nm0041215|actress
tt0091065|nm0001882|actress
tt0091065|nm0000206|actor
tt0091065|nm0878240|actress
tt0091065|nm0824763|actress
tt0091541|nm0000158|actor
tt0091541|nm0001480|actress
tt0091541|nm0324231|actor
tt0091541|nm0822972|actress
tt0091637|nm0000152|actor
tt0091637|nm0000107|actress
tt0091637|nm0469103|actor
tt0091637|nm0001169|actor
tt0091653|nm0000158|actor
tt0091653|nm0001276|actor
tt0091653|nm0001693|actress
tt0091653|nm0001185|actor
tt0091786|nm0000152|actor
tt0091786|nm0001046|actress
tt0091786|nm0000432|actor
tt0091786|nm0001009|actress
tt0091814|nm0000102|actor
tt0091814|nm0000415|actress
tt0091814|nm0735467|actor
tt0091814|nm0708784|actor
tt0091860|nm0000417|actor
tt0091860|nm0000206|actor
tt0091860|nm0001746|actress
tt0091860|nm0736263|actor
tt0092925|nm0000101|actor
tt0092925|nm0000158|actor
tt0092925|nm0001626|actor
tt0092925|nm0604702|actor
tt0092967|nm0000102|actor
tt0092967|nm0000837|actor
tt0092967|nm0057363|actress
tt0092967|nm0004729|actor
tt0093403|nm0000102|actor
tt0093403|nm0040662|actor
tt0093403|nm0001080|actress
tt0093403|nm0001718|actress
tt0093640|nm0000126|actor
tt0093640|nm0000432|actor
tt0093640|nm0000707|actress
tt0093640|nm0001599|actor
tt0094226|nm0000126|actor
tt0094226|nm0000125|actor
tt0094226|nm0000134|actor
tt0094226|nm0001747|actor
tt0094318|nm0000102|actor
tt0094318|nm0000276|actor
tt0094318|nm0911644|actor
tt0094318|nm0551502|actor
tt0094737|nm0000158|actor
tt0094737|nm0001610|actress
tt0094737|nm0005162|actor
tt0094737|nm0001334|actor
tt0094812|nm0000126|actor
tt0094812|nm0000215|actress
tt0094812|nm0000209|actor
tt0094812|nm0934254|actor
tt0095640|nm0000152|actor
tt0095640|nm0000542|actress
tt0095640|nm0001133|actor
tt0095640|nm0132549|actor
tt0095690|nm0001272|actress
tt0095690|nm0000210|actress
tt0095690|nm0000666|actress
tt0095690|nm0000352|actor
tt0095730|nm0000206|actor
tt0095730|nm0521753|actress
tt0095730|nm0757854|actress
tt0095730|nm0798534|actor
tt0095853|nm0101621|actor
tt0095853|nm0000206|actor
tt0095853|nm0317293|actress
tt0095853|nm0253371|actor
tt0095903|nm0911542|actor
tt0095903|nm0000206|actor
tt0095903|nm0000889|actress
tt0095903|nm0001496|actress
tt0095927|nm0000398|actress
tt0095927|nm0000158|actor
tt0095927|nm0000422|actor
tt0095927|nm0753073|actor
tt0096094|nm0000102|actor
tt0096094|nm0001527|actress
tt0096094|nm0000285|actor
tt0096094|nm0712857|actor
tt0096734|nm0000158|actor
tt0096734|nm0001136|actor
tt0096734|nm0000402|actress
tt0096734|nm0000397|actor
tt0096926|nm0000102|actor
tt0096926|nm0000492|actress
tt0096926|nm0519489|actress
tt0096926|nm0000687|actor
tt0096928|nm0000206|actor
tt0096928|nm0935664|actor
tt0096928|nm0137506|actor
tt0096928|nm0131811|actor
tt0097125|nm0000198|actor
tt0097125|nm0000102|actor
tt0097125|nm0002128|actress
tt0097125|nm0949744|actress
tt0097351|nm0000126|actor
tt0097351|nm0000469|actor
tt0097351|nm0000501|actor
tt0097351|nm0001496|actress
tt0098185|nm0672103|actor
tt0098185|nm0649330|actor
tt0098185|nm0000113|actress
tt0098185|nm0687321|actor
tt0098384|nm0000511|actress
tt0098384|nm0001156|actress
tt0098384|nm0000398|actress
tt0098384|nm0000210|actress
tt0098536|nm0000158|actor
tt0098536|nm0001858|actress
tt0098536|nm0005266|actor
tt0098536|nm0001817|actor
tt0099165|nm0000158|actor
tt0099165|nm0000246|actor
tt0099165|nm0000429|actress
tt0099165|nm0000326|actress
tt0099348|nm0000126|actor
tt0099348|nm0001521|actress
tt0099348|nm0001295|actor
tt0099348|nm0002110|actor
tt0099582|nm0000662|actor
tt0099582|nm0000102|actor
tt0099582|nm0000210|actress
tt0099582|nm0000287|actor
tt0099850|nm0000152|actor
tt0099850|nm0000412|actor
tt0099850|nm0001802|actress
tt0099850|nm0582418|actress
tt0099892|nm0000158|actor
tt0099892|nm0000212|actress
tt0099892|nm0000978|actor
tt0099892|nm0821041|actor
tt0100405|nm0000152|actor
tt0100405|nm0000210|actress
tt0100405|nm0004517|actor
tt0100405|nm0000624|actress
tt0100485|nm0000126|actor
tt0100485|nm0000063|actor
tt0100485|nm0000656|actress
tt0100485|nm0587401|actor
tt0100814|nm0000102|actor
tt0100814|nm0911542|actor
tt0100814|nm0141617|actress
tt0100814|nm0343447|actor
tt0100822|nm0001347|actress
tt0100822|nm0000206|actor
tt0100822|nm0000393|actor
tt0100822|nm0567343|actor
tt0100930|nm0460867|actor
tt0100930|nm0000113|actress
tt0100930|nm0653268|actor
tt0100930|nm0408946|actor
tt0101452|nm0000206|actor
tt0101452|nm0935664|actor
tt0101452|nm0006669|actor
tt0101452|nm0000722|actor
tt0101787|nm0000210|actress
tt0101787|nm0001714|actor
tt0101787|nm0000352|actor
tt0101787|nm0223157|actress
tt0101991|nm0613561|actress
tt0101991|nm0000152|actor
tt0101991|nm0407030|actor
tt0101991|nm0443238|actress
tt0102011|nm0000102|actor
tt0102011|nm0001610|actress
tt0102011|nm0001447|actor
tt0102011|nm0001439|actor
tt0102057|nm0000163|actor
tt0102057|nm0000245|actor
tt0102057|nm0000210|actress
tt0102057|nm0001364|actor
tt0102138|nm0000126|actor
tt0102138|nm0000198|actor
tt0102138|nm0000493|actor
tt0102138|nm0000527|actor
tt0102343|nm0004883|actor
tt0102343|nm0000113|actress
tt0102343|nm0544721|actress
tt0102343|nm0001535|actor
tt0102494|nm0000203|actor
tt0102494|nm0000206|actor
tt0102494|nm0751638|actor
tt0102494|nm0724927|actor
tt0102685|nm0000664|actor
tt0102685|nm0000206|actor
tt0102685|nm0000997|actor
tt0102685|nm0001614|actress
tt0102733|nm0000102|actor
tt0102733|nm0001718|actress
tt0102733|nm0668271|actor
tt0102733|nm0202184|actress
tt0102741|nm0000102|actor
tt0102741|nm0000400|actress
tt0102741|nm0000518|actor
tt0102741|nm0001505|actor
tt0102798|nm0000126|actor
tt0102798|nm0000151|actor
tt0102798|nm0001512|actress
tt0102798|nm0000225|actor
tt0102945|nm0000210|actress
tt0102945|nm0000920|actor
tt0102945|nm0000754|actor
tt0102945|nm0492746|actress
tt0103855|nm0000126|actor
tt0103855|nm0001365|actress
tt0103855|nm0447290|actor
tt0103855|nm0167850|actor
tt0103874|nm0000198|actor
tt0103874|nm0000213|actress
tt0103874|nm0000164|actor
tt0103874|nm0000206|actor
tt0104257|nm0000129|actor
tt0104257|nm0000197|actor
tt0104257|nm0000193|actress
tt0104257|nm0000102|actor
tt0104265|nm0000152|actor
tt0104265|nm0000107|actress
tt0104265|nm0000235|actress
tt0104265|nm0000616|actor
tt0104694|nm0000158|actor
tt0104694|nm0000133|actress
tt0104694|nm0001614|actress
tt0104694|nm0000187|actress
tt0105807|nm0001044|actress
tt0105807|nm0000113|actress
tt0105807|nm0436811|actor
tt0105807|nm0000931|actress
tt0106697|nm0000230|actor
tt0106697|nm0000648|actor
tt0106697|nm0000113|actress
tt0106697|nm0001329|actor
tt0106913|nm0001729|actor
tt0106913|nm0000113|actress
tt0106913|nm0273592|actor
tt0106913|nm0152420|actress
tt0107426|nm0000206|actor
tt0107426|nm0000403|actress
tt0107426|nm0948078|actor
tt0107426|nm0001389|actor
tt0107611|nm0000152|actor
tt0107611|nm0000565|actress
tt0107611|nm0000843|actress
tt0107611|nm0410464|actor
tt0107616|nm0000110|actor
tt0107616|nm0000668|actress
tt0107616|nm0000206|actor
tt0107616|nm0000295|actress
tt0107798|nm0000210|actress
tt0107798|nm0000243|actor
tt0107798|nm0001731|actor
tt0107798|nm0001334|actor
tt0107808|nm0000126|actor
tt0107808|nm0000142|actor
tt0107808|nm0000368|actress
tt0107808|nm0412901|actor
tt0107818|nm0000158|actor
tt0107818|nm0000243|actor
tt0107818|nm0561809|actress
tt0107818|nm0453248|actor
tt0108160|nm0000158|actor
tt0108160|nm0000212|actress
tt0108160|nm0539678|actor
tt0108160|nm0001854|actress
tt0108185|nm0000152|actor
tt0108185|nm0000149|actress
tt0108185|nm0280890|actor
tt0108185|nm0920073|actor
tt0108327|nm0000203|actor
tt0108327|nm0000526|actress
tt0108327|nm0000551|actor
tt0108327|nm0000113|actress
tt0108473|nm0000313|actor
tt0108473|nm0000662|actor
tt0108473|nm0001802|actress
tt0108473|nm0000113|actress
tt0108596|nm0000380|actor
tt0108596|nm0001321|actor
tt0108596|nm0000511|actress
tt0108596|nm0000113|actress
tt0109067|nm0000102|actor
tt0109067|nm0537698|actor
tt0109067|nm0891483|actress
tt0109067|nm0637681|actor
tt0109830|nm0000158|actor
tt0109830|nm0000705|actress
tt0109830|nm0000641|actor
tt0109830|nm0000398|actress
tt0110093|nm0000560|actor
tt0110093|nm0000210|actress
tt0110093|nm0007210|actor
tt0110093|nm0714310|actor
tt0110146|nm0000152|actor
tt0110146|nm0000232|actress
tt0110146|nm0000357|actress
tt0110146|nm0001445|actor
tt0110907|nm0000047|actress
tt0110907|nm0000210|actress
tt0110907|nm0000052|actor
tt0110907|nm0144045|actor
tt0110944|nm0001462|actor
tt0110944|nm0005246|actor
tt0110944|nm0002142|actress
tt0110944|nm0223103|actor
tt0110997|nm0000658|actress
tt0110997|nm0000102|actor
tt0110997|nm0000657|actor
tt0110997|nm0001515|actor
tt0111257|nm0000206|actor
tt0111257|nm0000454|actor
tt0111257|nm0000113|actress
tt0111257|nm0608012|actor
tt0111667|nm0000704|actor
tt0111667|nm0000126|actor
tt0111667|nm0001858|actress
tt0111667|nm0709634|actress
tt0111756|nm0000126|actor
tt0111756|nm0000598|actor
tt0111756|nm0000432|actor
tt0111756|nm0028625|actor
tt0112384|nm0000158|actor
tt0112384|nm0000200|actor
tt0112384|nm0000102|actor
tt0112384|nm0000641|actor
tt0112453|nm0000102|actor
tt0112453|nm0001364|actor
tt0112453|nm0000403|actress
tt0112453|nm0191906|actor
tt0113071|nm0000125|actor
tt0113071|nm0000152|actor
tt0113071|nm0000566|actress
tt0113071|nm0002027|actor
tt0113481|nm0000206|actor
tt0113481|nm0000185|actor
tt0113481|nm0000539|actress
tt0113481|nm0001384|actor
tt0113870|nm0000225|actor
tt0113870|nm0000102|actor
tt0113870|nm0000198|actor
tt0113870|nm0001110|actress
tt0113957|nm0000113|actress
tt0113957|nm0000562|actor
tt0113957|nm0588222|actor
tt0113957|nm0000832|actress
tt0114496|nm0000210|actress
tt0114496|nm0000598|actor
tt0114496|nm0000380|actor
tt0114496|nm0001687|actress
tt0114709|nm0000158|actor
tt0114709|nm0000741|actor
tt0114709|nm0725543|actor
tt0114709|nm0001815|actor
tt0114887|nm0000206|actor
tt0114887|nm0845209|actress
tt0114887|nm0000063|actor
tt0114887|nm0316284|actor
tt0114898|nm0000126|actor
tt0114898|nm0000675|actress
tt0114898|nm0000454|actor
tt0114898|nm0001499|actress
tt0114924|nm0000113|actress
tt0114924|nm0000597|actor
tt0114924|nm0001251|actor
tt0114924|nm0001967|actor
tt0115438|nm0000159|actress
tt0115438|nm0001099|actor
tt0115438|nm0000732|actor
tt0115438|nm0000234|actress
tt0115857|nm0000206|actor
tt0115857|nm0000151|actor
tt0115857|nm0001838|actress
tt0115857|nm0911542|actor
tt0116242|nm0000095|actor
tt0116242|nm0000443|actress
tt0116242|nm0000210|actress
tt0116242|nm0001570|actor
tt0116289|nm0000206|actor
tt0116289|nm0000352|actor
tt0116289|nm0000139|actress
tt0116289|nm0005148|actor
tt0116621|nm0000113|actress
tt0116621|nm0000563|actor
tt0116621|nm0040015|actor
tt0116621|nm0825784|actress
tt0117002|nm0000210|actress
tt0117002|nm0000518|actor
tt0117002|nm0170552|actor
tt0117002|nm0002091|actor
tt0117039|nm0000553|actor
tt0117039|nm0001644|actor
tt0117039|nm0000210|actress
tt0117039|nm0001324|actor
tt0117381|nm0000152|actor
tt0117381|nm0001473|actress
tt0117381|nm0001570|actor
tt0117381|nm0001498|actor
tt0117665|nm0000134|actor
tt0117665|nm0000102|actor
tt0117665|nm0000093|actor
tt0117665|nm0000574|actor
tt0117887|nm0000158|actor
tt0117887|nm0000239|actress
tt0117887|nm0000234|actress
tt0117887|nm0779866|actor
tt0117913|nm0000190|actor
tt0117913|nm0000113|actress
tt0117913|nm0000168|actor
tt0117913|nm0000228|actor
tt0117918|nm0000126|actor
tt0117918|nm0000623|actress
tt0117918|nm0000467|actor
tt0117918|nm0001507|actor
tt0118002|nm0000113|actress
tt0118002|nm0001459|actor
tt0118002|nm0226820|actor
tt0118002|nm0001433|actor
tt0118883|nm0000154|actor
tt0118883|nm0000210|actress
tt0118883|nm0001772|actor
tt0118883|nm0185475|actor
tt0118971|nm0000206|actor
tt0118971|nm0000199|actor
tt0118971|nm0000234|actress
tt0118971|nm0000470|actor
tt0118980|nm0939697|actress
tt0118980|nm0000102|actor
tt0118980|nm0000524|actress
tt0118980|nm0783033|actress
tt0119313|nm0000113|actress
tt0119313|nm0001065|actor
tt0119313|nm0001687|actress
tt0119313|nm0926165|actress
tt0119395|nm0000246|actor
tt0119395|nm0000152|actor
tt0119395|nm0001627|actor
tt0119395|nm0893204|actress
tt0119502|nm0005048|actor
tt0119502|nm0000206|actor
tt0119502|nm0004778|actor
tt0119502|nm0230335|actor
tt0119738|nm0000210|actress
tt0119738|nm0000551|actor
tt0119738|nm0000139|actress
tt0119738|nm0000391|actor
tt0119896|nm0000098|actress
tt0119896|nm0001542|actor
tt0119896|nm0000102|actor
tt0119896|nm0001156|actress
tt0119925|nm0000126|actor
tt0119925|nm0001599|actor
tt0119925|nm0005478|actor
tt0119925|nm0931404|actress
tt0119994|nm0000152|actor
tt0119994|nm0000499|actress
tt0119994|nm0925966|actor
tt0119994|nm0542677|actor
tt0120179|nm0000113|actress
tt0120179|nm0000574|actor
tt0120179|nm0000353|actor
tt0120179|nm0607325|actor
tt0120303|nm0000102|actor
tt0120303|nm0000605|actor
tt0120303|nm0001703|actor
tt0120303|nm0001222|actress
tt0120363|nm0000158|actor
tt0120363|nm0000741|actor
tt0120363|nm0000349|actress
tt0120363|nm0001288|actor
tt0120373|nm0724245|actor
tt0120373|nm0001099|actor
tt0120373|nm0000234|actress
tt0120373|nm0824763|actress
tt0120686|nm0000210|actress
tt0120686|nm0000215|actress
tt0120686|nm0000438|actor
tt0120686|nm0540441|actress
tt0120689|nm0000158|actor
tt0120689|nm0003817|actor
tt0120689|nm0001556|actor
tt0120689|nm0001372|actress
tt0120751|nm0000200|actor
tt0120751|nm0000234|actress
tt0120751|nm0784884|actor
tt0120751|nm0278752|actor
tt0120791|nm0000113|actress
tt0120791|nm0000173|actress
tt0120791|nm0000330|actress
tt0120791|nm0001848|actress
tt0120794|nm0000174|actor
tt0120794|nm0000146|actor
tt0120794|nm0000201|actress
tt0120794|nm0000113|actress
tt0120815|nm0000158|actor
tt0120815|nm0000354|actor
tt0120815|nm0001744|actor
tt0120815|nm0122653|actor
tt0120890|nm0000102|actor
tt0120890|nm0000117|actress
tt0120890|nm0000369|actor
tt0120890|nm0000612|actress
tt0123191|nm0000102|actor
tt0123191|nm0059946|actor
tt0123191|nm0001150|actor
tt0123191|nm0363159|actor
tt0124315|nm0001497|actor
tt0124315|nm0000234|actress
tt0124315|nm0000323|actor
tt0124315|nm0005148|actor
tt0125439|nm0000424|actor
tt0125439|nm0000210|actress
tt0125439|nm0564500|actor
tt0125439|nm0406975|actor
tt0126916|nm0000126|actor
tt0126916|nm0000593|actress
tt0126916|nm0000604|actor
tt0126916|nm0540441|actress
tt0128853|nm0000158|actor
tt0128853|nm0000212|actress
tt0128853|nm0001427|actor
tt0128853|nm0000205|actress
tt0133093|nm0000206|actor
tt0133093|nm0000401|actor
tt0133093|nm0005251|actress
tt0133093|nm0915989|actor
tt0138304|nm0000234|actress
tt0138304|nm0000136|actor
tt0138304|nm0608012|actor
tt0138304|nm0245112|actress
tt0138946|nm0000242|actor
tt0138946|nm0001618|actor
tt0138946|nm0000234|actress
tt0138946|nm0001001|actor
tt0139462|nm0000126|actor
tt0139462|nm0000705|actress
tt0139462|nm0000056|actor
tt0139462|nm0001698|actor
tt0141098|nm0000113|actress
tt0141098|nm0000255|actor
tt0141098|nm0005491|actress
tt0141098|nm0001872|actor
tt0146309|nm0000126|actor
tt0146309|nm0339304|actor
tt0146309|nm0238057|actor
tt0146309|nm0177020|actor
tt0146984|nm0000226|actor
tt0146984|nm0000354|actor
tt0146984|nm0000234|actress
tt0146984|nm0569226|actor
tt0156812|nm0005260|actor
tt0156812|nm0000102|actor
tt0156812|nm0000178|actress
tt0156812|nm0005561|actor
tt0162222|nm0000158|actor
tt0162222|nm0000166|actress
tt0162222|nm0584052|actor
tt0162222|nm0925096|actress
tt0163187|nm0000210|actress
tt0163187|nm0000152|actor
tt0163187|nm0000349|actress
tt0163187|nm0001185|actor
tt0164052|nm0000102|actor
tt0164052|nm0000223|actress
tt0164052|nm0000982|actor
tt0164052|nm0225332|actress
tt0164181|nm0000102|actor
tt0164181|nm0178574|actor
tt0164181|nm0002062|actress
tt0164181|nm0001152|actress
tt0171356|nm0000553|actor
tt0171356|nm0000113|actress
tt0171356|nm0001624|actor
tt0171356|nm0959242|actor
tt0174480|nm0000152|actor
tt0174480|nm0000213|actress
tt0174480|nm0001439|actor
tt0174480|nm0834626|actress
tt0180734|nm0000206|actor
tt0180734|nm0000178|actress
tt0180734|nm0370035|actor
tt0180734|nm0372522|actor
tt0184858|nm0000255|actor
tt0184858|nm0000641|actor
tt0184858|nm0000234|actress
tt0184858|nm0289656|actor
tt0191397|nm0000206|actor
tt0191397|nm0000432|actor
tt0191397|nm0486728|actress
tt0191397|nm0428963|actor
tt0191754|nm0000113|actress
tt0191754|nm0001557|actor
tt0191754|nm0922035|actor
tt0191754|nm0001610|actress
tt0195685|nm0000210|actress
tt0195685|nm0001215|actor
tt0195685|nm0109773|actor
tt0195685|nm0225767|actress
tt0203019|nm0000421|actor
tt0203019|nm0000134|actor
tt0203019|nm0000234|actress
tt0203019|nm0254712|actress
tt0204626|nm0000652|actor
tt0204626|nm0000206|actor
tt0204626|nm0000673|actress
tt0204626|nm0001368|actor
tt0205271|nm0000152|actor
tt0205271|nm0000166|actress
tt0205271|nm0000396|actress
tt0205271|nm0000368|actress
tt0212346|nm0000113|actress
tt0212346|nm0000323|actor
tt0212346|nm0000973|actor
tt0212346|nm0000298|actress
tt0219400|nm0000671|actor
tt0219400|nm0000234|actress
tt0219400|nm0000664|actor
tt0219400|nm0001670|actress
tt0219699|nm0000949|actress
tt0219699|nm0005017|actress
tt0219699|nm0000206|actor
tt0219699|nm0000610|actor
tt0223844|nm0069515|actress
tt0223844|nm0000206|actor
tt0223844|nm0270268|actress
tt0223844|nm0332562|actor
tt0230838|nm0000206|actor
tt0230838|nm0000234|actress
tt0230838|nm0005042|actor
tt0230838|nm0314524|actor
tt0233142|nm0000621|actor
tt0233142|nm0000126|actor
tt0233142|nm0001073|actress
tt0233142|nm0000225|actor
tt0234215|nm0000206|actor
tt0234215|nm0000401|actor
tt0234215|nm0005251|actress
tt0234215|nm0915989|actor
tt0236493|nm0000093|actor
tt0236493|nm0000210|actress
tt0236493|nm0001254|actor
tt0236493|nm0799777|actor
tt0240772|nm0000123|actor
tt0240772|nm0000093|actor
tt0240772|nm0000210|actress
tt0240772|nm0000354|actor
tt0242653|nm0000206|actor
tt0242653|nm0000401|actor
tt0242653|nm0005251|actress
tt0242653|nm0915989|actor
tt0250797|nm0000152|actor
tt0250797|nm0000178|actress
tt0250797|nm0553648|actor
tt0250797|nm0838059|actor
tt0257044|nm0000158|actor
tt0257044|nm0388382|actor
tt0257044|nm1005576|actor
tt0257044|nm0014582|actor
tt0259288|nm0000126|actor
tt0259288|nm0860749|actress
tt0259288|nm0608012|actor
tt0259288|nm0726492|actor
tt0259446|nm0889522|actress
tt0259446|nm0179173|actor
tt0259446|nm0176073|actor
tt0259446|nm1164392|actress
tt0264464|nm0000138|actor
tt0264464|nm0000158|actor
tt0264464|nm0000686|actor
tt0264464|nm0000640|actor
tt0264935|nm0000113|actress
tt0264935|nm0001035|actor
tt0264935|nm0331516|actor
tt0264935|nm0685856|actor
tt0265029|nm0000210|actress
tt0265029|nm0000131|actor
tt0265029|nm0000345|actor
tt0265029|nm0001876|actress
tt0265349|nm0000152|actor
tt0265349|nm0001473|actress
tt0265349|nm0251678|actor
tt0265349|nm0870430|actor
tt0270288|nm0005377|actor
tt0270288|nm0000106|actress
tt0270288|nm0000123|actor
tt0270288|nm0000210|actress
tt0279778|nm0000113|actress
tt0279778|nm0000995|actress
tt0279778|nm0001217|actress
tt0279778|nm0001258|actor
tt0280380|nm0000102|actor
tt0280380|nm0000234|actress
tt0280380|nm0001482|actress
tt0280380|nm0870204|actor
tt0290212|nm0000210|actress
tt0290212|nm0001383|actor
tt0290212|nm0000141|actor
tt0290212|nm0441588|actor
tt0299658|nm0000250|actress
tt0299658|nm0001876|actress
tt0299658|nm0000152|actor
tt0299658|nm0004875|actor
tt0304415|nm0000210|actress
tt0304415|nm0000379|actress
tt0304415|nm0005466|actress
tt0304415|nm0350454|actress
tt0313737|nm0000113|actress
tt0313737|nm0000424|actor
tt0313737|nm0001860|actress
tt0313737|nm0412374|actress
tt0316356|nm0000126|actor
tt0316356|nm0000380|actor
tt0316356|nm0526019|actor
tt0316356|nm0072344|actor
tt0317740|nm0000661|actor
tt0317740|nm0000242|actor
tt0317740|nm0001570|actor
tt0317740|nm0000234|actress
tt0318761|nm1086384|actor
tt0318761|nm0842770|actress
tt0318761|nm0000352|actor
tt0318761|nm0000206|actor
tt0327056|nm0000576|actor
tt0327056|nm0000209|actor
tt0327056|nm0000102|actor
tt0327056|nm0002536|actress
tt0335245|nm0000158|actor
tt0335245|nm0005541|actor
tt0335245|nm0355659|actress
tt0335245|nm0799777|actor
tt0337741|nm0000197|actor
tt0337741|nm0000473|actress
tt0337741|nm0000206|actor
tt0337741|nm0001605|actress
tt0338097|nm0000234|actress
tt0338097|nm0870204|actor
tt0338097|nm0004851|actress
tt0338097|nm0470981|actor
tt0338348|nm0000158|actor
tt0338348|nm0178875|actor
tt0338348|nm0005052|actor
tt0338348|nm0366667|actress
tt0340855|nm0000234|actress
tt0340855|nm0000207|actress
tt0340855|nm0001136|actor
tt0340855|nm0855564|actor
tt0345074|nm0889522|actress
tt0345074|nm0001057|actress
tt0345074|nm0000141|actor
tt0345074|nm0818880|actor
tt0349903|nm0000123|actor
tt0349903|nm0000093|actor
tt0349903|nm0000210|actress
tt0349903|nm0001876|actress
tt0352520|nm0001691|actor
tt0352520|nm0000234|actress
tt0352520|nm0001833|actress
tt0352520|nm0001475|actor
tt0358135|nm0000152|actor
tt0358135|nm0000182|actress
tt0358135|nm0000215|actress
tt0358135|nm0001804|actor
tt0360486|nm0000206|actor
tt0360486|nm0001838|actress
tt0360486|nm0005023|actor
tt0360486|nm0479471|actor
tt0361127|nm0000102|actor
tt0361127|nm0001718|actress
tt0361127|nm0080049|actor
tt0361127|nm0004979|actor
tt0362227|nm0000158|actor
tt0362227|nm0001876|actress
tt0362227|nm0564277|actor
tt0362227|nm0001804|actor
tt0365885|nm0000260|actress
tt0365885|nm0000126|actor
tt0365885|nm0159776|actress
tt0365885|nm0939697|actress
tt0373450|nm0000102|actor
tt0373450|nm0000147|actor
tt0373450|nm0517844|actress
tt0373450|nm0371342|actor
tt0375568|nm0383603|actor
tt0375568|nm0000115|actor
tt0375568|nm0068338|actress
tt0375568|nm0000234|actress
tt0375679|nm0000332|actor
tt0375679|nm0000113|actress
tt0375679|nm0628601|actress
tt0375679|nm0037410|actress
tt0376541|nm0000204|actress
tt0376541|nm0000179|actor
tt0376541|nm0654110|actor
tt0376541|nm0000210|actress
tt0382625|nm0000158|actor
tt0382625|nm0851582|actress
tt0382625|nm0000606|actor
tt0382625|nm0005212|actor
tt0385307|nm0000113|actress
tt0385307|nm0005093|actress
tt0385307|nm0000638|actor
tt0385307|nm0006663|actor
tt0386117|nm2504006|actor
tt0386117|nm0001573|actress
tt0386117|nm0001845|actor
tt0386117|nm2589551|actress
tt0387059|nm0000152|actor
tt0387059|nm0000300|actress
tt0387059|nm1552919|actress
tt0387059|nm1540404|actor
tt0388213|nm0001718|actress
tt0388213|nm1122614|actor
tt0388213|nm0001714|actor
tt0388213|nm0000102|actor
tt0395972|nm0000234|actress
tt0395972|nm0719637|actor
tt0395972|nm0000531|actress
tt0395972|nm0193524|actor
tt0398375|nm0000098|actress
tt0398375|nm0749263|actor
tt0398375|nm0000511|actress
tt0398375|nm0000126|actor
tt0402022|nm0000234|actress
tt0402022|nm0000531|actress
tt0402022|nm0645683|actress
tt0402022|nm0190744|actor
tt0405296|nm0000206|actor
tt0405296|nm0000213|actress
tt0405296|nm0000375|actor
tt0405296|nm0168262|actor
tt0406816|nm0000126|actor
tt0406816|nm0005110|actor
tt0406816|nm0000688|actress
tt0406816|nm0756089|actress
tt0410297|nm0000206|actor
tt0410297|nm0000113|actress
tt0410297|nm0001626|actor
tt0410297|nm0609114|actor
tt0413895|nm0266824|actress
tt0413895|nm0000210|actress
tt0413895|nm0001856|actress
tt0413895|nm0000114|actor
tt0420609|nm0429363|actor
tt0420609|nm0185819|actor
tt0420609|nm0000113|actress
tt0420609|nm0000244|actress
tt0421073|nm0000206|actor
tt0421073|nm0001845|actor
tt0421073|nm0491402|actor
tt0421073|nm0262635|actor
tt0429589|nm0316079|actor
tt0429589|nm0000115|actor
tt0429589|nm0000210|actress
tt0429589|nm0000658|actress
tt0435761|nm0000158|actor
tt0435761|nm0000741|actor
tt0435761|nm0000349|actress
tt0435761|nm0000885|actor
tt0437405|nm0001099|actor
tt0437405|nm1297015|actress
tt0437405|nm0005351|actor
tt0437405|nm0001435|actress
tt0448157|nm0000226|actor
tt0448157|nm0000234|actress
tt0448157|nm0000867|actor
tt0448157|nm2052567|actor
tt0455782|nm0000152|actor
tt0455782|nm0005024|actor
tt0455782|nm0251986|actor
tt0455782|nm2765903|actress
tt0460810|nm0004988|actor
tt0460810|nm0000518|actor
tt0460810|nm0000158|actor
tt0460810|nm1289434|actress
tt0462338|nm0000152|actor
tt0462338|nm0000547|actor
tt0462338|nm0048379|actor
tt0462338|nm0141715|actor
tt0470878|nm0000126|actor
tt0470878|nm0005476|actress
tt0472062|nm0000158|actor
tt0472062|nm0000210|actress
tt0472062|nm0000450|actor
tt0472062|nm0010736|actress
tt0472267|nm0000152|actor
tt0473356|nm0000152|actor
tt0473356|nm0000132|actress
tt0473356|nm0834380|actress
tt0473356|nm0936403|actor
tt0477071|nm0000113|actress
tt0477071|nm0573037|actor
tt0477071|nm0005520|actress
tt0477071|nm2182034|actress
tt0477095|nm0564215|actor
tt0477095|nm1404408|actress
tt0477095|nm0356017|actress
tt0477095|nm1382417|actor
tt0477302|nm4223385|actor
tt0477302|nm0000158|actor
tt0477302|nm0000113|actress
tt0477302|nm0001884|actor
tt0478134|nm0000169|actor
tt0478134|nm0000234|actress
tt0478134|nm0006958|actor
tt0478134|nm0000574|actor
tt0481499|nm0000115|actor
tt0481499|nm0005351|actor
tt0481499|nm1297015|actress
tt0481499|nm0001416|actress
tt0485851|nm0000409|actor
tt0485851|nm0001264|actress
tt0485851|nm0000412|actor
tt0485851|nm0000102|actor
tt0489037|nm0000640|actor
tt0498362|nm0000126|actor
tt0780571|nm0000126|actor
tt0780571|nm0000193|actress
tt0780571|nm0000458|actor
tt0780571|nm0176981|actor
tt0790736|nm0005351|actor
tt0790736|nm0000313|actor
tt0790736|nm0000571|actress
tt0790736|nm0000102|actor
tt0800238|nm0000210|actress
tt0804461|nm0000102|actor
tt0804461|nm0000422|actor
tt0804461|nm0000593|actress
tt0804461|nm1330560|actor
tt0808151|nm0000158|actor
tt0808151|nm0000191|actor
tt0808151|nm0957909|actress
tt0808151|nm0001745|actor
tt0817230|nm0000210|actress
tt0817230|nm0004937|actor
tt0817230|nm0004266|actress
tt0817230|nm0004695|actress
tt0821640|nm0000190|actor
tt0821640|nm0004950|actress
tt0821640|nm1297015|actress
tt0821640|nm0000140|actor
tt0822849|nm0000102|actor
tt0822849|nm0001315|actress
tt0822849|nm1851028|actor
tt0822849|nm0385792|actress
tt0852713|nm0267506|actress
tt0852713|nm0004988|actor
tt0852713|nm1297015|actress
tt0852713|nm0993507|actress
tt0852953|nm0001075|actor
tt0852953|nm0482730|actor
tt0852953|nm0970926|actor
tt0870111|nm0001449|actor
tt0870111|nm0790688|actor
tt0870111|nm0000102|actor
tt0870111|nm0005377|actor
tt0878804|nm2466842|actor
tt0878804|nm0000113|actress
tt0878804|nm0005210|actor
tt0878804|nm2052567|actor
tt0879870|nm0000210|actress
tt0879870|nm0000849|actor
tt0879870|nm0420955|actor
tt0879870|nm0205626|actress
tt0881891|nm0000113|actress
tt0881891|nm0177896|actor
tt0881891|nm0002006|actor
tt0881891|nm0421822|actor
tt0888693|nm0000234|actress
tt0888693|nm0001763|actor
tt0888693|nm1455681|actress
tt0888693|nm0299028|actress
tt0898367|nm0001557|actor
tt0898367|nm0000234|actress
tt0898367|nm2240346|actor
tt0898367|nm0000380|actor
tt0904079|nm0001551|actress
tt0904079|nm0000206|actor
tt0930057|nm0000126|actor
tt0948470|nm1940449|actor
tt0948470|nm1297015|actress
tt0948470|nm0406975|actor
tt0948470|nm0451234|actor
tt0951335|nm0000126|actor
tt0951335|nm1419440|actress
tt0951335|nm0000526|actress
tt0951335|nm1072959|actor
tt0956038|nm0000178|actress
tt0956038|nm0000152|actor
tt0956038|nm0005221|actor
tt0956038|nm0205626|actress
tt0970411|nm1519680|actress
tt0970411|nm0429363|actor
tt0970411|nm0000195|actor
tt0970411|nm0752379|actor
tt0970416|nm0000206|actor
tt0970416|nm0000124|actress
tt0970416|nm0000870|actress
tt0970416|nm1535523|actor
tt1014806|nm2225369|actress
tt1014806|nm0425316|actor
tt1014806|nm1568793|actress
tt1014806|nm0940158|actor
tt1018765|nm0000113|actress
tt1018765|nm0000671|actor
tt1018765|nm1107001|actor
tt1018765|nm0021835|actor
tt1027862|nm0000126|actor
tt1027862|nm1745736|actress
tt1027862|nm0001288|actor
tt1027862|nm1630992|actress
tt1028532|nm0000152|actor
tt1028532|nm0000260|actress
tt1028532|nm0846480|actor
tt1028532|nm2105255|actress
tt1041829|nm0000113|actress
tt1041829|nm0005351|actor
tt1041829|nm0005460|actress
tt1041829|nm0005266|actor
tt1045658|nm0177896|actor
tt1045658|nm2225369|actress
tt1045658|nm0000134|actor
tt1045658|nm0915865|actress
tt1068641|nm0000234|actress
tt1068641|nm0179173|actor
tt1068641|nm0946962|actor
tt1068641|nm0000677|actress
tt1129445|nm0005476|actress
tt1129445|nm0000152|actor
tt1129445|nm0000191|actor
tt1129445|nm0001172|actor
tt1135487|nm0000210|actress
tt1135487|nm0654110|actor
tt1135487|nm0929489|actor
tt1135487|nm0316079|actor
tt1156398|nm0251986|actor
tt1156398|nm1297015|actress
tt1156398|nm0000437|actor
tt1156398|nm1113550|actress
tt1185431|nm0000250|actress
tt1185431|nm0503567|actor
tt1185431|nm0719321|actor
tt1185431|nm0000102|actor
tt1205537|nm1517976|actor
tt1205537|nm0000126|actor
tt1205537|nm0461136|actress
tt1205537|nm0000110|actor
tt1210042|nm0000152|actor
tt1210042|nm0000332|actor
tt1210042|nm0000160|actor
tt1210042|nm0000648|actor
tt1220888|nm0000206|actor
tt1220888|nm0267812|actress
tt1220888|nm0001001|actor
tt1220888|nm0339460|actress
tt1243974|nm0177896|actor
tt1243974|nm1046097|actress
tt1243974|nm1297015|actress
tt1243974|nm0000285|actor
tt1247690|nm0177896|actor
tt1247690|nm2225369|actress
tt1247690|nm0406975|actor
tt1247690|nm0429363|actor
tt1270798|nm0564215|actor
tt1270798|nm1055413|actor
tt1270798|nm2225369|actress
tt1270798|nm0000102|actor
tt1282140|nm1297015|actress
tt1282140|nm0004789|actress
tt1282140|nm0046112|actor
tt1282140|nm0126004|actor
tt1321870|nm0000576|actor
tt1321870|nm0331516|actor
tt1321870|nm1297015|actress
tt1321870|nm0000610|actor
tt1322269|nm0000658|actress
tt1322269|nm0000551|actor
tt1322269|nm0000210|actress
tt1322269|nm0000496|actress
tt1325702|nm0482730|actor
tt1325702|nm0000152|actor
tt1333125|nm1297015|actress
tt1333125|nm0580351|actor
tt1333125|nm0000152|actor
tt1333125|nm0000630|actor
tt1335975|nm0000206|actor
tt1335975|nm0760796|actor
tt1335975|nm0793069|actress
tt1335975|nm0038355|actor
tt1337047|nm0000234|actress
tt1339660|nm2213961|actress
tt1339660|nm0000158|actor
tt1355644|nm2225369|actress
tt1355644|nm0695435|actor
tt1355644|nm0790688|actor
tt1355644|nm0000401|actor
tt1371111|nm0000158|actor
tt1371111|nm0000932|actress
tt1371111|nm0000424|actor
tt1371111|nm0915989|actor
tt1392170|nm2225369|actress
tt1392170|nm1242688|actor
tt1392170|nm2955013|actor
tt1392170|nm0001804|actor
tt1392190|nm0362766|actor
tt1392190|nm0000234|actress
tt1392190|nm0396558|actor
tt1392190|nm2368789|actress
tt1392197|nm0005562|actor
tt1392197|nm0339460|actress
tt1392197|nm1195855|actor
tt1392197|nm1297015|actress
tt1399683|nm2225369|actress
tt1399683|nm0370035|actor
tt1399683|nm0226813|actor
tt1399683|nm3493212|actor
tt1446714|nm0636426|actress
tt1446714|nm1334869|actor
tt1446714|nm1055413|actor
tt1446714|nm0000234|actress
tt1454029|nm1297015|actress
tt1454029|nm0205626|actress
tt1454029|nm0818055|actress
tt1454029|nm0397171|actress
tt1454468|nm0000113|actress
tt1454468|nm0000123|actor
tt1454468|nm0000438|actor
tt1454468|nm1241511|actor
tt1460798|nm0000152|actor
tt1460798|nm0350079|actor
tt1460798|nm0001590|actor
tt1460798|nm0490980|actress
tt1512235|nm0933988|actor
tt1512235|nm0680983|actress
tt1512235|nm0000239|actress
tt1512235|nm0000102|actor
tt1535109|nm0000158|actor
tt1535109|nm5831542|actor
tt1535109|nm5831543|actor
tt1535109|nm0001416|actress
tt1570728|nm0136797|actor
tt1570728|nm0331516|actor
tt1570728|nm0000194|actress
tt1570728|nm1297015|actress
tt1578882|nm0005023|actor
tt1578882|nm6132568|actor
tt1578882|nm0000102|actor
tt1578882|nm3823724|actress
tt1582507|nm2225369|actress
tt1582507|nm0000223|actress
tt1582507|nm1302735|actor
tt1582507|nm0004743|actor
tt1583420|nm0000158|actor
tt1583420|nm0000210|actress
tt1583420|nm2089529|actress
tt1583420|nm0650945|actress
tt1625346|nm0000234|actress
tt1625346|nm0933940|actor
tt1625346|nm0652663|actor
tt1625346|nm0714147|actress
tt1646980|nm0000152|actor
tt1646980|nm0333410|actor
tt1646980|nm0000640|actor
tt1646980|nm1268748|actor
tt1667353|nm2934314|actress
tt1667353|nm0000210|actress
tt1667353|nm2309517|actor
tt1667353|nm0001447|actor
tt1718158|nm0000206|actor
tt1718158|nm0636942|actress
tt1718158|nm2564938|actress
tt1718158|nm0839326|actor
tt1735898|nm0829576|actress
tt1735898|nm1165110|actor
tt1735898|nm0000234|actress
tt1735898|nm3510471|actor
tt1741273|nm0252230|actor
tt1741273|nm0000173|actress
tt1741273|nm0000210|actress
tt1741273|nm0606487|actor
tt1758692|nm0428065|actress
tt1758692|nm0947338|actor
tt1758692|nm2225369|actress
tt1758692|nm3404934|actor
tt1764183|nm0000152|actor
tt1764183|nm0000215|actress
tt1764183|nm1779870|actress
tt1764183|nm0000619|actor
tt1781840|nm0001335|actress
tt1781840|nm0000102|actor
tt1781840|nm0829032|actor
tt1781840|nm0001598|actor
tt1800241|nm0000288|actor
tt1800241|nm0010736|actress
tt1800241|nm0177896|actor
tt1800241|nm2225369|actress
tt1872181|nm1940449|actor
tt1872181|nm1297015|actress
tt1872181|nm0004937|actor
tt1872181|nm0316079|actor
tt1878841|nm0000102|actor
tt1878841|nm0593664|actress
tt1878841|nm3458761|actor
tt1878841|nm4867258|actress
tt1951264|nm2225369|actress
tt1951264|nm1242688|actor
tt1951264|nm2955013|actor
tt1951264|nm0000450|actor
tt1951265|nm2225369|actress
tt1951265|nm1242688|actor
tt1951265|nm2955013|actor
tt1951265|nm0000437|actor
tt1951266|nm2225369|actress
tt1951266|nm1242688|actor
tt1951266|nm2955013|actor
tt1951266|nm0000437|actor
tt1974419|nm1102577|actress
tt1974419|nm0376716|actress
tt1974419|nm0000206|actor
tt1974419|nm3194762|actor
tt1979376|nm0000158|actor
tt1979376|nm0582418|actress
tt1979376|nm1102891|actress
tt1979376|nm0001633|actress
tt2016940|nm0155392|actor
tt2016940|nm0000206|actor
tt2016940|nm0596297|actress
tt2016940|nm0950494|actor
tt2097298|nm0000126|actor
tt2097298|nm0004742|actress
tt2097298|nm7107400|actor
tt2097298|nm1794849|actor
tt2139881|nm0785227|actor
tt2139881|nm0000234|actress
tt2139881|nm2053085|actress
tt2139881|nm0736622|actor
tt2140373|nm0000668|actress
tt2140373|nm0000158|actor
tt2140373|nm4003520|actress
tt2140373|nm0268199|actor
tt2172934|nm0000126|actor
tt2172934|nm2794962|actress
tt2172934|nm0001567|actress
tt2172934|nm1720028|actress
tt2223990|nm0000126|actor
tt2223990|nm1569276|actor
tt2223990|nm0004950|actress
tt2223990|nm0001449|actor
tt2241351|nm0000123|actor
tt2241351|nm0000210|actress
tt2241351|nm1925239|actor
tt2241351|nm0922035|actor
tt2242306|nm0482730|actor
tt2242306|nm0000152|actor
tt2242306|nm0634897|actor
tt2242306|nm0715563|actor
tt2242306|nm1732997|actor
tt2277106|nm0794647|actor
tt2277106|nm0891502|actress
tt2293640|nm0000113|actress
tt2293640|nm0358316|actor
tt2293640|nm0000474|actor
tt2293640|nm1853544|actor
tt2345112|nm1374980|actor
tt2345112|nm0919991|actor
tt2345112|nm0000671|actor
tt2345112|nm0316079|actor
tt2381991|nm1165110|actor
tt2381991|nm1567113|actress
tt2381991|nm0000234|actress
tt2381991|nm1289434|actress
tt2402101|nm0000234|actress
tt2402101|nm0396558|actor
tt2402101|nm0376716|actress
tt2402101|nm1631269|actress
tt2404463|nm0000113|actress
tt2404463|nm0567912|actor
tt2404463|nm0565250|actress
tt2404463|nm0065007|actor
tt2406566|nm0000234|actress
tt2406566|nm0564215|actor
tt2406566|nm0000422|actor
tt2406566|nm0550371|actor
tt2446980|nm2225369|actress
tt2446980|nm0000134|actor
tt2446980|nm0177896|actor
tt2446980|nm1183149|actor
tt2488194|nm9148153|actor
tt2488194|nm6632783|actress
tt2488194|nm8696054|actress
tt2543472|nm5016878|actor
tt2543472|nm0005562|actor
tt2543472|nm4207679|actress
tt2543472|nm0000210|actress
tt2557490|nm0532235|actor
tt2557490|nm0000234|actress
tt2557490|nm0000553|actor
tt2557490|nm1086543|actress
tt2800050|nm2225369|actress
tt2850386|nm0000115|actor
tt2850386|nm1297015|actress
tt2850386|nm0005351|actor
tt2850386|nm0001416|actress
tt2870756|nm0000147|actor
tt2870756|nm1297015|actress
tt2870756|nm0001315|actress
tt2870756|nm0512934|actor
tt2873282|nm2225369|actress
tt2873282|nm0249291|actor
tt2873282|nm0774386|actor
tt2873282|nm0001648|actress
tt2883434|nm0000126|actor
tt2883434|nm0818055|actress
tt2883434|nm1843026|actress
tt2883434|nm1107001|actor
tt2911666|nm0000206|actor
tt2911666|nm0638824|actor
tt2911666|nm0654295|actor
tt2911666|nm0000353|actor
tt2980210|nm0000158|actor
tt2980210|nm4025491|actor
tt2980210|nm0002004|actress
tt2980210|nm0924210|actor
tt3014866|nm0000126|actor
tt3014866|nm0005351|actor
tt3014866|nm2933757|actress
tt3014866|nm0000198|actor
tt3062096|nm0000158|actor
tt3062096|nm0428065|actress
tt3062096|nm0451234|actor
tt3062096|nm0004936|actor
tt3165630|nm0000152|actor
tt3165630|nm0266824|actress
tt3165630|nm3772243|actor
tt3165630|nm0048414|actor
tt3228928|nm0000113|actress
tt3228928|nm0129106|actor
tt3228928|nm0000140|actor
tt3228928|nm0000559|actor
tt3263904|nm0000158|actor
tt3263904|nm0001173|actor
tt3263904|nm0001473|actress
tt3263904|nm0536723|actress
tt3286560|nm0000234|actress
tt3286560|nm0000849|actor
tt3286560|nm9552585|actor
tt3286560|nm9552586|actress
tt3385516|nm0564215|actor
tt3385516|nm1055413|actor
tt3385516|nm2225369|actress
tt3385516|nm0396558|actor
tt3503406|nm0000206|actor
tt3503406|nm0000250|actress
tt3503406|nm1813221|actress
tt3503406|nm2773059|actor
tt3505712|nm0000152|actor
tt3505712|nm0893965|actor
tt3505712|nm0540441|actress
tt3505712|nm0000114|actor
tt3576072|nm0165101|actress
tt3605418|nm0000206|actor
tt3605418|nm4448022|actress
tt3605418|nm1869101|actress
tt3605418|nm2746751|actor
tt3682448|nm0000158|actor
tt3682448|nm0753314|actor
tt3682448|nm0000257|actor
tt3682448|nm0752407|actress
tt3715320|nm0001618|actor
tt3715320|nm1297015|actress
tt3715320|nm0000205|actress
tt3715320|nm1369571|actor
tt3721964|nm0249291|actor
tt3721964|nm0000234|actress
tt3721964|nm0654648|actor
tt3721964|nm0628601|actress
tt3760922|nm0889522|actress
tt3760922|nm0179173|actor
tt3760922|nm0176073|actor
tt3760922|nm0443577|actress
tt3783958|nm0331516|actor
tt3783958|nm1297015|actress
tt3783958|nm1679669|actress
tt3783958|nm0799777|actor
tt3813310|nm0000102|actor
tt3813310|nm6627667|actor
tt3813310|nm4881741|actor
tt3813310|nm0924154|actor
tt4019560|nm1869101|actress
tt4019560|nm0000206|actor
tt4019560|nm0001520|actor
tt4019560|nm0000227|actress
tt4128724|nm0000102|actor
tt4128724|nm2991877|actor
tt4128724|nm6852212|actress
tt4128724|nm0421776|actress
tt4154916|nm1404408|actress
tt4154916|nm0000206|actor
tt4154916|nm0651159|actor
tt4154916|nm3042755|actor
tt4191702|nm0000152|actor
tt4191702|nm0038988|actor
tt4191702|nm0790688|actor
tt4191702|nm0000114|actor
tt4209788|nm1567113|actress
tt4209788|nm0252961|actor
tt4209788|nm0000126|actor
tt4209788|nm0148418|actor
tt4287320|nm0914612|actress
tt4287320|nm0000158|actor
tt4287320|nm3915784|actor
tt4287320|nm1294664|actor
tt4302938|nm0000234|actress
tt4302938|nm3280686|actor
tt4302938|nm0000190|actor
tt4302938|nm0000146|actor
tt4334266|nm4025229|actress
tt4334266|nm0597388|actor
tt4334266|nm7633342|actress
tt4334266|nm0000206|actor
tt4425200|nm0000206|actor
tt4425200|nm1249052|actor
tt4425200|nm0574534|actor
tt4425200|nm3199307|actress
tt4622512|nm1297015|actress
tt4622512|nm0136797|actor
tt4622512|nm2057859|actress
tt4622512|nm0798971|actress
tt4824302|nm0000098|actress
tt4824302|nm0005028|actress
tt4824302|nm0000210|actress
tt4824302|nm0837177|actor
tt4846340|nm0378245|actress
tt4846340|nm0818055|actress
tt4846340|nm1847117|actress
tt4846340|nm0000126|actor
tt5083738|nm1297015|actress
tt5083738|nm0001838|actress
tt5083738|nm0396558|actor
tt5083738|nm1469236|actress
tt5109784|nm2225369|actress
tt5109784|nm0000849|actor
tt5109784|nm0000438|actor
tt5109784|nm0000201|actress
tt5164214|nm0000113|actress
tt5164214|nm0000949|actress
tt5164214|nm0004266|actress
tt5164214|nm1601397|actress
tt5434972|nm0000126|actor
tt5610554|nm4496875|actress
tt5610554|nm0000234|actress
tt5610554|nm0243233|actor
tt5610554|nm0515296|actor
tt5706370|nm0000152|actor
tt5706370|nm0227759|actor
tt5706370|nm0324658|actor
tt5706370|nm0925966|actor
tt6146586|nm3199307|actress
tt6146586|nm0000206|actor
tt6146586|nm0574534|actor
tt6146586|nm0760796|actor
tt6294822|nm0000658|actress
tt6294822|nm0000158|actor
tt6294822|nm0005299|actress
tt6294822|nm0644022|actor
tt6494418|nm0000206|actor
tt6494418|nm0000208|actress
tt6494418|nm0006820|actor
tt6494418|nm0527945|actor
tt6565702|nm2225369|actress
tt6565702|nm1567113|actress
tt6565702|nm1601397|actress
tt6565702|nm1055413|actor
tt6987770|nm0000206|actor
tt6987770|nm0000213|actress
tt6987770|nm8329660|actor
tt7545524|nm0000210|actress
tt7545524|nm2348627|actor
tt7545524|nm1105980|actress
tt7545524|nm7457303|actress
